Size,Alfa,Temperatura,Susceptibility,SusceptMCError,AutoCorrelationTime,StdDevBlocking,EffTau,Energy,HeatCapacity,Mabs,SusceptAbs,Cumulant,aMabs,aSusceptAbs,aCumu
32,0.5,1.65,388.32,1.17737,1.98242,0.57963,0.121184,-1.6598,1.40162,0.785163,5.72824,0.652456,0.00900366,2.8825e-05,-0.0195563
32,0.5,1.645,397.483,1.19506,1.94915,0.513766,0.0924098,-1.66726,1.36024,0.793911,5.12976,0.654117,0.00887855,2.78802e-05,-0.00837681
32,0.5,1.64,405.043,1.20863,1.97008,0.571911,0.111954,-1.67338,1.33091,0.800847,4.58723,0.655364,0.00881372,2.77652e-05,-0.0216394
32,0.5,1.635,412.773,1.22249,1.78995,0.490559,0.0805118,-1.67977,1.29274,0.807789,4.09829,0.656559,0.00877532,2.7448e-05,-0.0122072
32,0.5,1.63,420.662,1.23657,1.76363,0.448062,0.0656464,-1.68637,1.24632,0.814747,3.64154,0.65772,0.00868466,2.69539e-05,-0.00294254
32,0.5,1.625,427.989,1.2495,1.6547,0.462155,0.0684027,-1.69225,1.22885,0.820964,3.2776,0.658584,0.0086214,2.68691e-05,-0.018409
32,0.5,1.62,435.69,1.26286,1.65859,0.413502,0.0536065,-1.69885,1.18567,0.827516,2.83959,0.659569,0.00858992,2.65406e-05,-0.0101961
32,0.5,1.615,442.649,1.27479,1.58591,0.38086,0.0446298,-1.70449,1.16157,0.833081,2.59914,0.660207,0.00851698,2.62242e-05,-0.0109799
32,0.5,1.61,449.286,1.2857,1.49925,0.371654,0.0417802,-1.71018,1.13159,0.838261,2.36307,0.660789,0.00841215,2.56383e-05,-0.0109979
32,0.5,1.605,455.885,1.29628,1.54579,0.367655,0.0402209,-1.71574,1.10689,0.843324,2.13727,0.66136,0.00833034,2.54364e-05,-0.0220652
32,0.5,1.6,461.948,1.30525,1.38764,0.365882,0.0392882,-1.7208,1.06963,0.847826,1.91055,0.661884,0.00830807,2.51758e-05,-0.00805556
32,0.5,1.595,468.517,1.3158,1.39441,0.309165,0.027604,-1.72648,1.04711,0.852665,1.7538,0.662286,0.00823603,2.48002e-05,-0.00808212
32,0.5,1.59,474.574,1.32479,1.30843,0.305625,0.0266104,-1.73168,1.02671,0.856963,1.61098,0.662654,0.00815989,2.46429e-05,-0.0214379
32,0.5,1.585,480.136,1.33254,1.29729,0.287014,0.023196,-1.73643,1.01002,0.860712,1.52063,0.662913,0.00812439,2.44639e-05,-0.0152487
32,0.5,1.58,486.443,1.34183,1.24196,0.268079,0.0199573,-1.74185,0.983923,0.865123,1.37894,0.663274,0.00805528,2.40872e-05,-0.016254
32,0.5,1.575,492.147,1.34959,1.24881,0.270112,0.0200288,-1.74675,0.963232,0.868908,1.276,0.663529,0.00799937,2.38217e-05,-0.0107618
32,0.5,1.57,497.52,1.3563,1.17844,0.245176,0.0163386,-1.75134,0.93856,0.872346,1.18115,0.663766,0.00792789,2.35165e-05,-0.0152449
32,0.5,1.565,503.096,1.36342,1.13935,0.252078,0.0170915,-1.75607,0.920144,0.875913,1.09189,0.663991,0.00787003,2.32501e-05,-0.0169007
32,0.5,1.56,508.388,1.36976,1.13259,0.245192,0.0160211,-1.76057,0.909467,0.879167,1.02514,0.664164,0.00781865,2.30429e-05,-0.019219
32,0.5,1.555,513.612,1.37567,1.12852,0.22244,0.0130727,-1.76483,0.887193,0.882327,0.953475,0.664355,0.00776898,2.27412e-05,-0.0131886
32,0.5,1.55,519.092,1.38218,1.0957,0.236862,0.0146835,-1.76959,0.868932,0.885656,0.890361,0.664519,0.00768674,2.22555e-05,-0.00663037
32,0.5,1.545,524.096,1.38746,1.08698,0.220529,0.0126317,-1.77391,0.859156,0.888515,0.856662,0.664621,0.00763867,2.22405e-05,-0.00992413
32,0.5,1.54,529.208,1.39268,1.0728,0.205354,0.010871,-1.77809,0.839191,0.891444,0.801877,0.664769,0.00757527,2.1881e-05,-0.0144243
32,0.5,1.535,534.214,1.39747,1.05984,0.220091,0.0124019,-1.78225,0.819256,0.894255,0.738851,0.664912,0.00749562,2.15345e-05,-0.0148386
32,0.5,1.53,538.972,1.40161,1.00168,0.198868,0.0100657,-1.7861,0.806689,0.896799,0.703138,0.665008,0.00747468,2.14247e-05,-0.0115187
32,0.5,1.525,543.93,1.40611,1.04364,0.193823,0.00950046,-1.79021,0.797467,0.899477,0.667314,0.665104,0.00739389,2.10823e-05,-0.015806
32,0.5,1.52,548.506,1.40949,0.969721,0.167736,0.00708107,-1.7939,0.778889,0.901798,0.63981,0.665185,0.00734896,2.0931e-05,-0.0183305
32,0.5,1.515,553.416,1.41355,0.995625,0.166117,0.00690516,-1.79796,0.764987,0.904367,0.604199,0.665273,0.00728509,2.06272e-05,-0.0168897
32,0.5,1.51,558.289,1.41734,0.944538,0.157569,0.00617964,-1.80191,0.750067,0.906874,0.568243,0.665364,0.00723857,2.04126e-05,-0.0159813
32,0.5,1.505,562.69,1.41981,0.913562,0.152749,0.00578719,-1.80528,0.735098,0.908961,0.537219,0.665439,0.00715816,2.01177e-05,-0.0129643
32,0.5,1.8,76.9561,0.403638,3.09976,0.859928,2.2694,-1.40878,1.28606,0.313074,21.1963,0.331061,0.0112295,4.04286e-05,-0.00607658
32,0.5,1.795,83.0873,0.426292,3.04015,0.874536,2.10431,-1.41533,1.32702,0.326851,22.1426,0.351885,0.0112207,4.05385e-05,-0.0101351
32,0.5,1.79,89.2347,0.449188,3.21197,0.883668,1.93505,-1.42245,1.38401,0.34021,23.0219,0.368747,0.0111426,4.00088e-05,-0.0165179
32,0.5,1.785,95.2329,0.471023,3.16703,0.895715,1.80811,-1.42933,1.42429,0.352661,23.8858,0.383532,0.0110814,4.01263e-05,-0.017402
32,0.5,1.78,102.689,0.497182,3.18149,0.934294,1.76566,-1.43713,1.4521,0.368116,24.733,0.401561,0.0110142,3.95896e-05,-0.0111833
32,0.5,1.775,110.334,0.523801,3.29501,0.979946,1.75001,-1.44476,1.53452,0.383018,25.7012,0.417305,0.0109131,3.8959e-05,-0.010758
32,0.5,1.77,119.245,0.553004,3.30536,1.05391,1.81602,-1.45306,1.58597,0.400444,26.4742,0.435945,0.0108747,3.86806e-05,0.00141532
32,0.5,1.765,125.913,0.572903,3.30502,1.02958,1.61483,-1.45928,1.60894,0.413508,26.7099,0.449957,0.0108537,3.83646e-05,0.00692462
32,0.5,1.76,136.237,0.604459,3.27267,1.07641,1.5856,-1.46823,1.66601,0.43289,27.2082,0.468723,0.0107971,3.82027e-05,-0.0105925
32,0.5,1.755,145.827,0.632565,3.27624,1.12707,1.58732,-1.47676,1.69787,0.450413,27.4555,0.484498,0.010679,3.79042e-05,-0.0189588
32,0.5,1.75,156.252,0.662865,3.42817,1.18078,1.58656,-1.48477,1.77225,0.468792,27.6579,0.499388,0.0106056,3.74449e-05,-0.0215999
32,0.5,1.745,168.464,0.696641,3.38673,1.13088,1.3176,-1.49482,1.80972,0.490054,27.5381,0.516146,0.0104465,3.62599e-05,-0.0101307
32,0.5,1.74,179.473,0.725949,3.39581,1.17848,1.31766,-1.50321,1.84476,0.508523,27.2881,0.529636,0.0104463,3.67132e-05,-0.0193244
32,0.5,1.735,190.853,0.755344,3.36544,1.31111,1.50646,-1.51243,1.87186,0.527239,26.7883,0.542368,0.010325,3.58121e-05,-0.00746705
32,0.5,1.73,203.437,0.786255,3.39972,1.26892,1.3023,-1.52132,1.89372,0.547668,25.9003,0.555902,0.0103128,3.56035e-05,-0.00703068
32,0.5,1.725,217.103,0.818801,3.23563,1.25271,1.17034,-1.53183,1.88707,0.569374,24.6589,0.569299,0.010207,3.51909e-05,-0.0126116
32,0.5,1.72,229.326,0.848583,3.28131,1.17679,0.961574,-1.54111,1.91081,0.587672,23.7177,0.578771,0.010147,3.46628e-05,-0.00494826
32,0.5,1.715,242.905,0.879654,3.15824,1.14452,0.846433,-1.55101,1.88824,0.607695,22.4056,0.589412,0.00990854,3.3544e-05,-0.0218073
32,0.5,1.71,256.057,0.909577,3.18701,1.16624,0.821995,-1.5605,1.90226,0.626528,20.9935,0.598316,0.00991892,3.3427e-05,-0.0184532
32,0.5,1.705,268.434,0.935633,3.05144,1.09588,0.685933,-1.56945,1.85318,0.644037,19.321,0.606726,0.00986521,3.31657e-05,-0.0107355
32,0.5,1.7,281.597,0.964703,2.9802,1.0093,0.547296,-1.57914,1.84037,0.66164,17.9059,0.613925,0.00973517,3.25625e-05,-0.023579
64,0.5,1.65,1534.44,4.55602,1.99639,1.38783,0.0463953,-1.65973,1.4193,0.784511,6.6189,0.661685,0.00451022,7.09071e-06,-0.00717128
64,0.5,1.645,1571.61,4.63562,1.87563,1.14101,0.0302925,-1.66667,1.37863,0.793068,5.52622,0.662478,0.00447432,6.91468e-06,0.000452363
64,0.5,1.64,1607.22,4.71142,1.89467,1.14647,0.0296069,-1.67352,1.33708,0.800994,4.80556,0.663068,0.00443514,6.84037e-06,0.00340627
64,0.5,1.635,1641.11,4.78152,1.6707,1.01777,0.0226536,-1.67994,1.28753,0.808357,4.11537,0.663603,0.00439702,6.79074e-06,-0.000190015
64,0.5,1.63,1673.06,4.84692,1.62801,1.00354,0.0214342,-1.68636,1.25888,0.815068,3.66635,0.663949,0.00435178,6.69056e-06,-0.00231686
64,0.5,1.625,1705.06,4.91073,1.57012,0.816639,0.0138273,-1.69269,1.21559,0.821705,3.14607,0.664349,0.0043164,6.56073e-06,0.00238566
64,0.5,1.62,1734.57,4.96815,1.52917,0.927005,0.0174078,-1.69868,1.18921,0.827588,2.86388,0.664593,0.00428528,6.51828e-06,-0.0041066
64,0.5,1.615,1763.48,5.02298,1.43105,0.783097,0.0121528,-1.70458,1.14817,0.833252,2.55859,0.664829,0.00425274,6.44519e-06,-0.00818296
64,0.5,1.61,1790.34,5.07158,1.45216,0.783211,0.0119245,-1.71012,1.12232,0.838338,2.31414,0.66502,0.00423074,6.42293e-06,-0.0133584
64,0.5,1.605,1816.61,5.11813,1.39075,0.735145,0.0103156,-1.71569,1.09869,0.843209,2.12043,0.665175,0.00420832,6.31605e-06,0.00195139
64,0.5,1.6,1843.43,5.16532,1.34725,0.694526,0.00903965,-1.72116,1.07738,0.848138,1.9232,0.66533,0.00417569,6.22053e-06,0.00324674
64,0.5,1.595,1868.7,5.2075,1.34378,0.687874,0.00872427,-1.72646,1.04784,0.852647,1.72804,0.665472,0.00413916,6.15728e-06,-0.00109767
64,0.5,1.59,1892.7,5.24596,1.27343,0.607014,0.00669448,-1.7315,1.03338,0.85679,1.61019,0.665565,0.00409399,6.02912e-06,-0.00141854
64,0.5,1.585,1917.82,5.28661,1.24448,0.586919,0.00616271,-1.73681,1.00407,0.861137,1.473,0.665671,0.00406809,5.98573e-06,0.00130767
64,0.5,1.58,1940.86,5.32109,1.22436,0.527578,0.00491522,-1.74169,0.987378,0.864951,1.37405,0.665747,0.00404236,5.93813e-06,-0.00558498
64,0.5,1.575,1963.18,5.35283,1.14776,0.492537,0.0042333,-1.74634,0.960193,0.868562,1.26621,0.665826,0.00401413,5.87158e-06,-0.00131149
64,0.5,1.57,1986.86,5.38779,1.16833,0.515653,0.00457998,-1.75142,0.952208,0.872415,1.19014,0.665885,0.00397545,5.80092e-06,-0.00740952
64,0.5,1.565,2007.93,5.41489,1.13631,0.49147,0.00411894,-1.75584,0.923193,0.875655,1.09971,0.665951,0.00394787,5.66488e-06,0.00320331
64,0.5,1.56,2031.02,5.4468,1.09913,0.491827,0.00407673,-1.76066,0.904312,0.879285,1.02408,0.666007,0.00391055,5.64474e-06,-0.00373396
64,0.5,1.555,2051.57,5.47135,1.12411,0.520634,0.00452737,-1.76498,0.886449,0.882322,0.960575,0.666053,0.00387599,5.54649e-06,-0.000943085
64,0.5,1.55,2072.87,5.49722,1.11109,0.43016,0.00306157,-1.76946,0.869028,0.885477,0.900338,0.666097,0.00386754,5.55021e-06,-0.00323037
64,0.5,1.545,2093.96,5.52192,1.04049,0.408792,0.00274028,-1.77387,0.851838,0.888547,0.847534,0.666135,0.00384545,5.51673e-06,-0.00584496
64,0.5,1.54,2114.09,5.54346,1.0863,0.393344,0.00251741,-1.77803,0.839368,0.891375,0.798707,0.66617,0.00378374,5.36114e-06,-0.00483779
64,0.5,1.535,2133.99,5.56377,1.02094,0.389448,0.00244981,-1.78213,0.823888,0.894116,0.753511,0.666202,0.00376552,5.335e-06,-0.00490606
64,0.5,1.53,2154.19,5.58416,1.00142,0.422546,0.00286287,-1.78626,0.80514,0.896883,0.708524,0.666234,0.0037328,5.23933e-06,-0.00662003
64,0.5,1.525,2173.48,5.60164,0.973457,0.374739,0.00223767,-1.79015,0.790192,0.899428,0.669784,0.666261,0.00371939,5.19226e-06,0.00129522
64,0.5,1.52,2193.13,5.6194,0.963892,0.345213,0.00188697,-1.7942,0.781429,0.902009,0.636027,0.666284,0.00369205,5.11781e-06,0.00644574
64,0.5,1.515,2212.1,5.63472,0.96202,0.354022,0.00197372,-1.79802,0.757675,0.90442,0.595756,0.666311,0.00364461,5.02249e-06,0.00303242
64,0.5,1.51,2231.06,5.64949,0.937409,0.331168,0.0017181,-1.8018,0.755304,0.906793,0.571568,0.666329,0.00364076,5.07463e-06,-0.00450078
64,0.5,1.505,2250.1,5.66375,0.903761,0.311264,0.00151015,-1.80557,0.737515,0.909153,0.538087,0.666351,0.00359657,4.94793e-06,-0.00139094
64,0.5,1.8,86.4175,0.530683,3.23735,1.25657,2.80333,-1.40341,1.1083,0.158173,29.4861,0.121175,0.00576795,1.04652e-05,-0.000981217
64,0.5,1.795,93.8882,0.570815,3.19324,1.32903,2.71051,-1.40808,1.17704,0.164907,31.8337,0.131744,0.00548248,9.71981e-06,-0.0122727
64,0.5,1.79,105.045,0.627646,3.34703,1.49242,2.82698,-1.41456,1.19375,0.17486,35.0795,0.153155,0.00562725,1.03904e-05,-0.0307554
64,0.5,1.785,114.259,0.677695,3.25507,1.70504,3.16496,-1.42024,1.26063,0.182431,37.8898,0.159316,0.00557763,9.86273e-06,0.00982236
64,0.5,1.78,126.52,0.738091,3.17505,1.73982,2.77818,-1.42703,1.25743,0.192645,41.1199,0.178696,0.00559301,9.92093e-06,0.0158911
64,0.5,1.775,140.693,0.808052,3.23186,1.91136,2.79755,-1.43376,1.30563,0.203484,45.1444,0.196215,0.00556154,1.00834e-05,-0.0182889
64,0.5,1.77,157.154,0.885641,3.26432,2.12041,2.86612,-1.43973,1.33662,0.215568,49.6174,0.217786,0.00544081,9.73537e-06,-0.00769161
64,0.5,1.765,177.773,0.975387,3.34045,2.20355,2.55188,-1.44658,1.41148,0.230511,54.4635,0.248768,0.00543824,9.79683e-06,-0.0285043
64,0.5,1.76,202.137,1.08601,3.34063,2.64332,2.96213,-1.45422,1.47372,0.246885,60.2845,0.271155,0.00547992,9.94632e-06,-0.0199282
64,0.5,1.755,231.374,1.20717,3.48751,2.47549,2.10257,-1.46231,1.53563,0.265805,66.4784,0.302574,0.00535674,9.30315e-06,0.0128158
64,0.5,1.75,263.593,1.33459,3.6179,3.10785,2.71141,-1.46942,1.62658,0.285933,72.2325,0.333121,0.00536065,9.29603e-06,0.0124295
64,0.5,1.745,301,1.47152,3.69468,3.54085,2.89502,-1.47781,1.68215,0.308387,77.768,0.367272,0.00529377,9.24741e-06,-0.00239887
64,0.5,1.74,351.545,1.65206,3.80394,4.15897,3.16876,-1.48696,1.82099,0.336932,84.309,0.403606,0.00522418,9.02136e-06,0.00447403
64,0.5,1.735,407.832,1.83966,3.97737,4.35499,2.802,-1.49683,1.94053,0.367108,89.6702,0.438633,0.00525832,9.12251e-06,-0.0108534
64,0.5,1.73,469.674,2.03039,4.06467,4.57849,2.54246,-1.50615,2.03528,0.399145,92.4706,0.472347,0.00516817,8.90662e-06,-0.011486
64,0.5,1.725,542.629,2.24355,4.16098,4.67013,2.16649,-1.51685,2.15035,0.434919,93.4838,0.504981,0.00517771,8.84508e-06,0.00790846
64,0.5,1.72,616.665,2.44326,4.10981,4.78159,1.91502,-1.52686,2.21696,0.469731,91.2172,0.533578,0.00510599,8.81239e-06,-0.0119258
64,0.5,1.715,702.996,2.66844,4.08109,4.71352,1.56007,-1.53863,2.26719,0.508127,86.3431,0.560087,0.00507811,8.67062e-06,-0.0067606
64,0.5,1.71,789.838,2.88023,4.00394,4.4745,1.20671,-1.55003,2.23417,0.545059,78.2129,0.582828,0.00504066,8.47241e-06,0.00250341
64,0.5,1.705,874.468,3.08011,3.84908,4.51576,1.07473,-1.56088,2.24629,0.579079,68.8846,0.60082,0.00498909,8.35763e-06,0.00129505
64,0.5,1.7,959.292,3.27559,3.70691,3.84718,0.689725,-1.5719,2.16811,0.611413,58.592,0.615699,0.00493699,8.17753e-06,0.00639729
128,0.5,1.8,87.1651,0.562366,7.61143,2.12271,7.12381,-1.4033,1.13939,0.0785831,30.9562,0.0406405,0.0029001,2.55985e-06,0.0416138
128,0.5,1.795,94.1213,0.607481,6.89555,1.94715,5.13692,-1.40822,1.11305,0.0813807,33.6709,0.0346215,0.00284577,2.55444e-06,0.0188617
128,0.5,1.79,105.17,0.677158,6.57731,2.31377,5.83754,-1.41457,1.12547,0.0858518,37.7067,0.0333852,0.00281311,2.53538e-06,0.0200001
128,0.5,1.65,6118.31,18.0143,1.95628,3.01202,0.0139781,-1.65975,1.42189,0.784538,6.59073,0.665281,0.00225965,1.77754e-06,-0.00592107
128,0.5,1.785,117.3,0.753108,6.14923,2.58551,5.89315,-1.4208,1.22489,0.0904492,42.2083,0.0328979,0.00275652,2.51124e-06,-0.0424162
128,0.5,1.78,129.319,0.814331,5.36081,2.39066,4.30926,-1.4263,1.21808,0.0954511,45.458,0.0604523,0.00279816,2.52622e-06,-0.00537224
128,0.5,1.645,6274.16,18.3738,1.72105,2.40774,0.00858598,-1.66688,1.35891,0.793343,5.48021,0.665536,0.0022252,1.7245e-06,-0.00172267
128,0.5,1.775,145.4,0.918569,5.04335,3.03915,5.47333,-1.43279,1.24668,0.100838,51.5436,0.0496924,0.00274897,2.39686e-06,0.0106929
128,0.5,1.77,164.766,1.03219,4.77396,3.00301,4.23221,-1.43959,1.29679,0.107081,58.6283,0.0584955,0.00275929,2.36292e-06,0.0324108
128,0.5,1.765,186.051,1.15573,4.35319,3.33144,4.1545,-1.44559,1.35108,0.113786,65.865,0.0672096,0.00268062,2.33031e-06,0.00683818
128,0.5,1.64,6418.66,18.6989,1.71444,2.25963,0.0073015,-1.67364,1.32617,0.80126,4.75185,0.665705,0.00221712,1.71378e-06,-0.00212231
128,0.5,1.76,213.04,1.3045,3.96393,3.76557,4.16625,-1.45235,1.31473,0.122234,73.9519,0.0854375,0.0027244,2.44201e-06,-0.0145029
128,0.5,1.755,250.729,1.51076,3.78741,4.04574,3.58571,-1.45964,1.39284,0.132767,86.1698,0.105935,0.00269109,2.37593e-06,0.0116155
128,0.5,1.75,296.713,1.76403,3.59902,4.94627,3.9311,-1.46676,1.44274,0.144566,101.047,0.121725,0.00267659,2.34091e-06,-0.000154766
128,0.5,1.635,6552.07,18.9889,1.65601,2.04727,0.00581195,-1.68004,1.28539,0.808351,4.16081,0.665839,0.00220745,1.70347e-06,-0.00377791
128,0.5,1.745,352.956,2.05447,3.49071,5.36179,3.40557,-1.47377,1.52711,0.15813,118.179,0.148748,0.00266327,2.36041e-06,-0.00108678
128,0.5,1.74,432.068,2.45929,3.46229,6.30119,3.28244,-1.48171,1.59527,0.17564,141.586,0.176518,0.0026899,2.38377e-06,-0.00298199
128,0.5,1.735,552.686,3.02465,3.68597,8.3842,3.84188,-1.49062,1.67432,0.200321,173.745,0.22598,0.00265007,2.29806e-06,-0.0029764
128,0.5,1.63,6683.53,19.2698,1.61641,1.96708,0.00521026,-1.6864,1.24697,0.815209,3.62368,0.665958,0.0021863,1.68159e-06,-0.00123223
128,0.5,1.73,708.787,3.70993,3.81303,10.1456,3.73935,-1.49932,1.84954,0.229451,210.187,0.278362,0.00262075,2.26543e-06,-0.000315005
128,0.5,1.725,929.314,4.57055,4.06185,11.8652,3.36966,-1.50884,2.01425,0.26747,249.827,0.346051,0.00262411,2.25283e-06,0.0238713
128,0.5,1.625,6808.63,19.5298,1.59798,2.01114,0.00530224,-1.69264,1.22337,0.821569,3.21688,0.666047,0.00216571,1.65908e-06,-0.00851304
128,0.5,1.72,1233.64,5.67133,4.43282,14.0177,3.05461,-1.51912,2.22429,0.314455,291.73,0.411066,0.00256489,2.18332e-06,-0.00770833
128,0.5,1.715,1677.14,7.06156,4.67589,17.218,2.9726,-1.53122,2.38354,0.377425,316.268,0.484839,0.00254282,2.16373e-06,-0.00523449
128,0.5,1.62,6929.42,19.7742,1.50163,1.75563,0.00394128,-1.69868,1.18406,0.827573,2.85824,0.666125,0.00214287,1.62374e-06,-0.00176975
128,0.5,1.71,2189.15,8.49104,4.85847,17.9938,2.24539,-1.54328,2.58492,0.443585,303.862,0.54301,0.00253614,2.14874e-06,0.0041009
128,0.5,1.705,2775.1,9.94418,4.68994,18.2171,1.678,-1.55643,2.58746,0.512505,251.084,0.590866,0.00249559,2.09207e-06,-0.00476796
128,0.5,1.615,7040.26,19.9874,1.43127,1.59997,0.00320393,-1.70431,1.15902,0.832897,2.57963,0.666184,0.00213898,1.62739e-06,-0.00254058
128,0.5,1.7,3332.24,11.2738,4.33427,15.4755,0.942144,-1.56914,2.4554,0.571549,183.924,0.620614,0.00246145,2.05812e-06,-0.00929748
128,0.5,1.61,7156.15,20.2114,1.40039,1.48696,0.00270628,-1.71019,1.13043,0.838442,2.29187,0.666244,0.0021135,1.58059e-06,0.00367145
128,0.5,1.605,7263.57,20.4091,1.37204,1.48793,0.00265757,-1.71579,1.10784,0.843412,2.11111,0.666283,0.00210341,1.57425e-06,-0.000253922
128,0.5,1.6,7366.18,20.5901,1.3774,1.3422,0.00212467,-1.72108,1.06918,0.848037,1.92004,0.666322,0.00208397,1.54989e-06,-0.000687666
128,0.5,1.595,7468.9,20.7683,1.29871,1.2598,0.00183979,-1.72645,1.04928,0.852605,1.74884,0.666357,0.00206489,1.53346e-06,-0.00635893
128,0.5,1.59,7569.06,20.9367,1.3051,1.28438,0.00188166,-1.73169,1.03201,0.856965,1.61924,0.666384,0.0020582,1.52215e-06,-0.00230717
128,0.5,1.585,7664.59,21.0891,1.2078,1.17494,0.00155197,-1.73667,1.00102,0.861008,1.48025,0.666411,0.0020325,1.49962e-06,-0.010628
256,0.5,1.8,87.3435,0.56516,27.7109,3.79803,22.581,-1.40268,0.961648,0.0392697,31.1971,0.0356403,0.00154264,7.51359e-07,-0.0269167
256,0.5,1.795,94.4998,0.614728,25.6277,3.65851,17.7098,-1.40773,1.04972,0.0406398,34.1995,0.0209885,0.00135523,6.27709e-07,-0.103113
256,0.5,1.79,106.714,0.689046,23.1546,4.11309,17.816,-1.41428,1.05781,0.0431971,38.3962,0.0284975,0.00138095,6.04947e-07,0.0220602
256,0.5,1.65,24467,71.8631,1.85908,4.97505,0.00239637,-1.65986,1.398,0.784757,6.48471,0.666317,0.00112536,4.36519e-07,0.00349239
256,0.5,1.785,111.687,0.729971,20.4673,4.21949,16.7062,-1.42051,1.28729,0.0440318,40.5042,0.00158281,0.00143514,6.28696e-07,0.0725135
256,0.5,1.78,127.253,0.81935,17.484,4.61147,15.8383,-1.42646,1.19386,0.0469525,46.0862,0.0224786,0.00133736,5.95603e-07,-0.00940226
256,0.5,1.775,143.061,0.918864,16.3664,4.54528,12.2346,-1.4329,1.14374,0.0498297,51.3843,0.0212861,0.00133464,5.83181e-07,-0.0448415
256,0.5,1.77,164.323,1.04676,14.9247,5.29603,12.799,-1.43838,1.38454,0.0532889,59.1803,0.0301082,0.00135142,5.57996e-07,0.0598601
256,0.5,1.765,186.788,1.19603,13.2851,6.10801,13.0402,-1.4452,1.26369,0.0567963,67.0105,0.0155796,0.00137809,5.81425e-07,0.058814
256,0.5,1.76,211.191,1.33404,11.216,5.70982,9.15966,-1.4523,1.40715,0.0604487,75.1273,0.0336342,0.00132193,5.48734e-07,0.0351596
256,0.5,1.64,25655.8,74.6133,1.65235,4.71262,0.00199463,-1.67359,1.32156,0.801188,4.74403,0.666422,0.00110562,4.29995e-07,-0.00744658
256,0.5,1.755,254.617,1.60356,10.1882,7.06666,9.71018,-1.45949,1.37921,0.0661442,91.2421,0.0332583,0.00138317,6.3445e-07,-0.0320711
256,0.5,1.75,301.604,1.90167,8.75562,7.44492,7.66338,-1.46664,1.37996,0.0718472,108.291,0.0257353,0.00133323,5.58544e-07,0.0382022
512,0.5,1.8,85.4932,0.557072,107.131,7.17498,82.9447,-1.40223,0.995136,0.0194613,30.3347,0.0234961,0.00072606,1.86791e-07,-0.0508729
512,0.5,1.795,94.1126,0.612237,99.3468,7.23001,69.7281,-1.40838,1.10738,0.0202765,34.0696,0.0209101,0.000716281,1.58437e-07,-0.00277834
512,0.5,1.79,103.319,0.67276,88.0899,7.72852,65.9846,-1.41387,1.16773,0.0212202,37.3736,0.0137844,0.00060933,1.17587e-07,0.0599251
512,0.5,1.785,111.764,0.72913,80.1927,7.70126,55.7807,-1.42014,0.953233,0.0220832,40.1454,0.00487663,0.000689952,1.34373e-07,0.122502
512,0.5,1.78,132.498,0.837128,69.7654,8.89899,56.5024,-1.42635,1.28258,0.0241576,46.5522,0.0548868,0.000661112,1.47366e-07,-0.0890729
512,0.5,1.775,145.791,0.943018,63.2644,9.77901,53.7675,-1.43244,0.985743,0.0250686,52.9793,0.00889737,0.000669752,1.52046e-07,-0.0922384
512,0.5,1.77,170.689,1.09143,56.6658,10.5477,46.6977,-1.43922,1.24862,0.0271293,61.6844,0.0235568,0.000682021,1.44181e-07,0.0613631
512,0.5,1.765,191.223,1.24161,53.8595,11.3314,41.6453,-1.44531,1.2013,0.0285714,69.9793,-0.00921529,0.000695749,1.45769e-07,0.114056
512,0.5,1.76,214.763,1.36381,43.1071,10.456,29.3893,-1.4524,1.32012,0.0304531,76.6318,0.0244799,0.000731067,1.49583e-07,0.138378
512,0.5,1.755,243.278,1.5688,36.813,11.6377,27.5148,-1.45866,1.61832,0.0320941,89.4222,-0.00831195,0.000736662,1.59694e-07,0.0859489
512,0.5,1.75,299.148,1.90024,31.669,13.2933,24.4692,-1.46664,1.37263,0.0356749,108.502,0.0127841,0.000622996,1.32389e-07,-0.055715
512,0.5,1.745,360.695,2.27615,25.0515,15.3682,22.7936,-1.47413,1.45324,0.0392814,128.893,0.0186868,0.000669997,1.44764e-07,0.019838
512,0.5,1.65,97850.5,287.223,1.84907,10.7155,0.000695917,-1.65987,1.40595,0.784764,6.49699,0.666578,0.000562406,1.0933e-07,0.00121843
512,0.5,1.74,444.259,2.82876,20.9306,16.6836,17.3923,-1.48135,1.47718,0.0432624,162.283,-0.00284809,0.000679844,1.53322e-07,0.0196606
512,0.5,1.735,573.482,3.61861,15.8249,19.365,14.3192,-1.49035,1.6497,0.0492285,207.321,0.00749768,0.000666884,1.4667e-07,0.0126248
512,0.5,1.73,766.16,4.78863,12.1636,24.1957,12.7651,-1.49834,1.81106,0.0569275,275.096,0.0184608,0.000673134,1.47416e-07,0.0144136
512,0.5,1.645,100291,292.965,1.73662,8.97175,0.000468913,-1.66683,1.36581,0.793291,5.5027,0.666594,0.000558567,1.08899e-07,-0.00442732
512,0.5,1.725,1049.31,6.44707,8.67611,29.0612,10.1595,-1.507,2.04378,0.0666644,373.949,0.0422235,0.000621436,1.2742e-07,-0.0209612
512,0.5,1.72,1594.94,9.65984,6.12117,37.3068,7.45774,-1.51644,1.80637,0.082323,562.051,0.0607144,0.00063829,1.32076e-07,0.0293458
512,0.5,1.715,2820.47,16.6868,4.39801,60.4408,6.55968,-1.52661,2.14361,0.109713,980.568,0.0932819,0.000655456,1.42353e-07,0.0151062
512,0.5,1.64,102603,298.264,1.6975,8.99391,0.000454638,-1.67355,1.32614,0.801165,4.75498,0.666605,0.00055457,1.07155e-07,-0.00523446
512,0.5,1.71,6319.14,33.8709,4.33241,124.273,6.7308,-1.53777,2.39642,0.168561,1963.45,0.230985,0.000643563,1.3667e-07,0.0189042
512,0.5,1.705,19461.4,80.602,5.80895,249.108,4.77589,-1.5514,3.06017,0.321626,3556.98,0.491965,0.000623816,1.30602e-07,-0.000255213
512,0.5,1.635,104794,303.146,1.58575,9.06152,0.000446752,-1.68009,1.28223,0.808441,4.13235,0.666614,0.000549456,1.05757e-07,-0.000484187
512,0.5,1.7,44020.9,142.991,5.14298,182.655,0.81586,-1.56746,2.94331,0.526464,1281.44,0.641265,0.000620675,1.2891e-07,0.002596
512,1,1.4,184034,180.316,0.297435,0.163854,4.12873e-07,-1.96809,0.143711,0.991387,0.0167773,0.666667,,,
512,0.5,1.63,106878,307.658,1.5625,8.42837,0.00037525,-1.68642,1.25297,0.815193,3.62313,0.666622,0.000546648,1.04153e-07,0.00376936
512,0.5,1.625,108883,311.883,1.49884,7.49368,0.000288653,-1.6926,1.22416,0.821544,3.23471,0.666627,0.000539507,1.02444e-07,-0.00132481
512,0.5,1.62,110801,315.8,1.45264,7.29697,0.000266951,-1.6986,1.18263,0.827473,2.84066,0.666633,0.000537265,1.01453e-07,-0.0016124
512,0.5,1.615,112646,319.452,1.41507,6.0718,0.000180631,-1.70443,1.15384,0.833046,2.56415,0.666636,0.000532916,1.00421e-07,-0.00492198
512,0.5,1.61,114439,322.904,1.32541,5.59219,0.000149964,-1.71016,1.1242,0.838351,2.30643,0.66664,0.000530718,1.00062e-07,-0.00558932
512,0.5,1.605,116172,326.131,1.37729,6.07288,0.000173371,-1.71572,1.09415,0.843361,2.08057,0.666643,0.000526209,9.77694e-08,0.00298108
512,0.5,1.6,117836,329.115,1.28937,5.36116,0.000132676,-1.72111,1.07397,0.848058,1.91692,0.666645,0.000520971,9.67468e-08,0.00226988
